NAME,POS,COLLEGE
Austin Allen,QB,Arkansas
Drew Anderson,QB,Murray State
Kevin Anderson,QB,Fordham
Austin Appleby,QB,Florida
Alejandro Bennifield,QB,Chattanooga
Joe Callahan,QB,Wesley
KJ Carta-Samuels,QB,Colorado State
Taryn Christion,QB,South Dakota State
CJ Collins,QB,Southwest Assembly of God
Connor Cook,QB,Michigan State
Taylor Cornelius,QB,Oklahoma State
David Cornwell,QB,East Central (OK)
BJ Daniels,QB,South Florida
Garrett Fugate,QB,Central Missouri
Justin Holman,QB,Central Florida
Tyree Jackson,QB,Buffalo
Devante Kincade,QB,Grambling State
Trevor Knight,QB,Texas A&M
Tanner Lee,QB,Nebraska
Vad Lee,QB,James Madison
Matt Linehan,QB,Idaho
TJ Linta,QB,Wagner
Tanner Mangum,QB,Brigham Young
Jalan McClendon,QB,Baylor
Marcus McDade,QB,Sacramento State
Greg McGhee,QB,Howard
Marcus McMaryion,QB,Fresno State
Zach Mettenberger,QB,Louisiana State
Philip Nelson,QB,East Carolina
Keith Price,QB,Washington
Peter Pujals,QB,Holy Cross
Brogan Roback,QB,Eastern Michigan
Vincent Testaverde Jr,QB,Albany
Darron Thomas,QB,Oregon
Alek Torgersen,QB,Pennsylvania
Patrick Towles,QB,Boston College
Marquise Williams,QB,North Carolina
Khalid Abdullah,RB,James Madison
Cameron Artis-Payne,RB,Auburn
George Aston,RB,Pittsburgh
Sherman Badie,RB,Tulane
Jonathan Banks,RB,Tulane
Alex Barnes,RB,Kansas State
Tommy Bohanon,RB,Wake Forest
Joel Bouagnon,RB,Northern Illinois
Dominick Bragalone,RB,Lehigh
Martez Carter,RB,Grambling State
Kaimi Chung,RB,Hawaii
David Cobb,RB,Minnesota
Matthew Colburn,RB,Wake Forest
Lavon Coleman,RB,Washington
Tim Cook,RB,Oregon State
Marshaun Coprich,RB,Illinois State
Noel Devine,RB,West Virginia
Winston Dimel,RB,Texas-El Paso
Lance Dunbar,RB,North Texas
Brionte Dunn,RB,Ohio State
Berkley Edwards,RB,Michigan
Jordan Ellis,RB,Virginia
Nico Evans,RB,Wyoming
Kenneth Farrow,RB,Houston
Dimitri Flowers,RB,Oklahoma
Quinton Flowers,RB,South Florida
Tarean Folston,RB,Notre Dame
Keith Ford,RB,Texas A&M
Mike Ford,RB,Louisiana State
Khris Francis,RB,North Carolina
Jarvion Franklin,RB,Western Michigan
Ja'Quan Gardner,RB,Humboldt State
Manasseh Garner,RB,Pittsburgh
Jakhari Gore,RB,Marian
Jonas Gray,RB,Notre Dame
Trayone Gray,RB,Miami (FL)
Ryan Green,RB,Florida State
Dujuan Harris,RB,Troy
Mark Herndon,RB,Florida
Kyle Hicks,RB,Texas Christian
Kenny Hilliard,RB,Louisiana State
Darnell Holland,RB,Kennesaw State
Nick Holley,RB,Kent State
Elijah Hood,RB,North Carolina
Akeem Hunt,RB,Purdue
Ty Isaac,RB,Michigan
Devontae Jackson,RB,West Georgia
Cardon Johnson,RB,James Madison
Storm Johnson,RB,Central Florida
De'Shawn Jones,RB,Campbell
Matt Jones,RB,Florida
Kendial Lawrence,RB,Missouri
Ray Lawry,RB,Old Dominion
Taku Lee,RB,International
Terrence Magee,RB,Louisiana State
D.J. May,RB,Wyoming
Travon McMillian,RB,Colorado
Christine Michael,RB,Texas A&M
JD Moore,RB,Louisiana State
Rajion Neal,RB,Tennessee
Cedric O'Neal,RB,Valdosta State
Branden Oliver,RB,Buffalo
Jacques Patrick,RB,Florida State
Ladarius Perkins,RB,Mississippi State
Lawrence Pittman,RB,Wingate
Jhurell Pressley,RB,New Mexico
Donnel Pumphrey,RB,San Diego State
Brandon Radcliff,RB,Louisville
Devine Redding,RB,Indiana
Trent Richardson,RB,Alabama
Aaron Ripkowski,RB,Oklahoma
Larry Rose,RB,New Mexico State
LJ Scott,RB,Michigan State
De'Veon Smith,RB,Michigan
Shane Smith,RB,San Jose State
Zac Stacy,RB,Vanderbilt
Justin Stockton,RB,Texas Tech
Dontae Strickland,RB,Syracuse
Kelvin Taylor,RB,Florida
Jahad Thomas,RB,Temple
John Thomas,RB,Penn State
Lexington Thomas,RB,Nevada-Las Vegas
Mark Thompson,RB,Florida
Lenard Tillery,RB,Southern
Xavier Turner,RB,Incarnate Word
Darius Victor,RB,Towson
Akrum Wadley,RB,Iowa
Terron Ward,RB,Oregon State
Aca'Cedric Ware,RB,Southern California
Mike Warren,RB,Iowa State
Trey Watts,RB,Tulsa
Jody Webb,RB,Youngstown State
Ralph Webb,RB,Vanderbilt
Brandon Wilds,RB,South Carolina
Andre Williams,RB,Boston College
Boom Williams,RB,Kentucky
James Williams,RB,Washington State
Malik Williams,RB,Louisville
Marquez Williams,RB,Miami (FL)
Trey Williams,RB,Texas A&M
Marquis Young,RB,Massachusettes
Ryan Yurachek,RB,Marshall
Carlton Agudosi,WR,Rutgers
Deontez Alexander,WR,Franklin College
Floyd Allen,WR,Mississippi
Anthony Amos,WR,Middle Tennessee State
Dres Anderson,WR,Utah
Demarcus Ayers,WR,Houston
Jeff Badet,WR,Oklahoma
Kenny Bell,WR,Nebraska
Raymond Bolden,WR,Stony Brook
Marvin Bracy-Williams,WR,Florida State
Jack Bramswig,WR,Boston College
Frank Brown,WR,Bethune Cookman
Ryan Broyles,WR,Oklahoma
Dontez Byrd,WR,Tennessee Tech
KD Cannon,WR,Baylor
Sammie Coates,WR,Auburn
Stacy Coley,WR,Miami (FL)
Joshua Crockett,WR,Central Oklahoma
Jamal Custis,WR,Syracuse
Rashard Davis,WR,James Madison
Ryan Davis,WR,Auburn
Kahlil Dawson,WR,Portland State
Delfonte Diamond,WR,McMurry
John Diarse,WR,Texas Christian
Kenzel Doe,WR,Wisconsin
Steven Dunbar,WR,Houston
Travin Dural,WR,Louisiana State
Donteea Dye,WR,Heidelberg
Ed Eagan,WR,Northwestern State
Matthew Eaton,WR,Iowa State
DeVozea Felton,WR,Tuskegee
Dontez Ford,WR,Pittsburgh
Jacoby Ford,WR,Clemson
Armanti Foreman,WR,Texas
Jordon Gandy,WR,Murray State
Keyarris Garrett,WR,Tulsa
Tanner Gentry,WR,Wyoming
Devin Gray,WR,Cincinnati
Donald Gray,WR,Mississippi State
Davon Grayson,WR,East Carolina
Jalen Greene,WR,Utah State
Antoine Griffin,WR,West Florida
Fabian Guerra,WR,Fairmont State
Jalen Guyton,WR,North Texas
Rannell Hall,WR,Central Florida
Karel Hamilton,WR,Samford
DeQuan Hampton,WR,Southern California
J-Shun Harris,WR,Indiana
Delane Hart-Johnson,WR,New Mexico
Matt Hazel,WR,Coastal Carolina
Jerrod Heard,WR,Texas
Dominique Heath,WR,Appalachian State
Quadree Henderson,WR,Pittsburgh
Timmy Hernandez,WR,Oregon State
Treydonte Hill,WR,Western New Mexico
Mikah Holder,WR,San Diego State
Deion Holliman,WR,Missouri State
Reece Horn,WR,Indianapolis
Joe Horn Jr,WR,Missouri Western State
Alton Howard,WR,Tennessee
Johnathan Howard,WR,North Carolina
Chris Hubert,WR,Fayetteville State
Isaiah Huston,WR,Arizona Christian
Ishmael Hyman,WR,James Madison
Trenton Irwin,WR,Stanford
Blake Jackson,WR,Mary Hardin Baylor
Chuck Jacobs,WR,Utah State
Taivon Jacobs,WR,Maryland
Levern Jacobs III,WR,Maryland
Damion Jeanpiere,WR,Nicholls State
Adonis Jennings,WR,Temple
Garrett Johnson,WR,Kentucky
Charlie Jones,WR,American
Jamaal Jones,WR,Montana
Malachi Jones,WR,Appalachian State
Seantavius Jones,WR,Valdosta State
Lamar Jordan,WR,New Mexico
Anthony Kelly,WR,Kutztown
Jordan Lasley,WR,UCLA
Terrence Lee-Alls,WR,James Madison
Ralph Leonard,WR,Southern Illinois
Jordan Leslie,WR,Brigham Young
Kahlil Lewis,WR,Cincinnati
TommyLee Lewis,WR,Northern Illinois
Justice Liggins,WR,Stephen F. Austin
Stephen Louis,WR,North Carolina State
Yedidiah Louis,WR,Sam Houston State
Keevan Lucas,WR,Tulsa
Marcus Lucas,WR,Missouri
Devin Lucien,WR,Arizona State
Tim Lukas,WR,Illinois
Rhyeem Malone,WR,Louisiana
Freddie Martino,WR,North Greenville
KJ Maye,WR,Minnesota
Tre McBride,WR,William & Mary
Max McCaffrey,WR,Duke
Tyre McCants,WR,South Florida
Codey McElroy,WR,Oklahoma State
Mekale McKay,WR,Cincinnati
Gary McKnight,WR,Northeastern State
Kelvin McKnight,WR,Samford
Robert Meachem,WR,Tennessee
Octayvius Miles,WR,Alabama A&M
Sam Mobley,WR,Catawba
Alonzo Moore,WR,Nebraska
Richard Mullaney,WR,Oregon State
Keith Mumphery,WR,Michigan State
Reuben Mwehla,WR,Idaho
Flynn Nagel,WR,Northwestern
Durron Neal,WR,Oklahoma
Thomas Owens,WR,Florida International
Tyler Palka,WR,Gannon
Tobais Palmer,WR,North Carolina State
Vinny Papale,WR,Delaware
Damoun Patterson,WR,Youngstown State
Colby Pearson,WR,Brigham Young
Troy Pelletier,WR,Lehigh
Ervin Philips,WR,Syracuse
Cam Phillips,WR,Virginia Tech
De'Mornay Pierson-El,WR,Nebraska
Edgar Poe,WR,Army
Darius Prince,WR,Penn State-Beaver
Austin Proehl,WR,North Carolina
James Quick,WR,Louisville
Willie Quinn,WR,Southern
Brandon Reilly,WR,Nebraska
Keenan Reynolds,WR,Navy
Korey Robertson,WR,Southern Mississippi
Fred Ross,WR,Mississippi State
Kayaune Ross,WR,Kentucky
Rashad Ross,WR,Arizona State
Jalen Rowell,WR,Air Force
Ezell Ruffin,WR,San Diego State
Xavier Rush,WR,Tulane
Alonzo Russell,WR,Toledo
Brian Sandifer,WR,Wisconsin-Stout
John Santiago,WR,North Dakota
Jalen Saunders,WR,Oklahoma
Qua Searcy,WR,Georgia Tech
Gerrard Sheppard,WR,Towson
Brandon Shippen,WR,Temple
Terrell Sinkfield,WR,Northern Iowa
Jordan Smallwood,WR,Oklahoma
Jaylen Smith,WR,Louisville
Patrick Smith,WR,Tennessee State
Riley Smith,WR,West Texas A&M
Kamrin Solomon,WR,Florida Atlantic
Nelson Spruce,WR,Colorado
Josh Stewart,WR,Texas-San Antonio
Kyle Sweet,WR,Washington State
Ron'Quavion Tarver,WR,Nevada-Reno
Justin Thomas,WR,Georgia Tech
DeAndre Thompkins,WR,Penn State
Carlos Thompson,WR,Independance CC
Chris Thompson,WR,Florida
Jalen Tolliver,WR,Arkansas-Monticello
Jonah Trinnamen,WR,Brigham Young
Aaren Vaughns,WR,Utah State
Joe Walker,WR,Delaware
L'Damian Washington,WR,Missouri
Jamarius Way,WR,South Alabama
Jordan Westerkamp,WR,Nebraska
Kermit Whitfield,WR,Florida State
Carl Whitley,WR,Abilene Christian
Daniel Williams,WR,Jackson State
Kasen Williams,WR,Washington
Taj Williams,WR,Texas Christian
Terrance Williams,WR,Baylor
Malik Wilson,WR,North Carolina A&T
Tim Wilson,WR,East Stroudsburg
Kendall Wright,WR,Baylor
DeAngelo Yancey,WR,Purdue
Isaac Zico,WR,Purdue
Julian Allen,TE,Southern Mississippi
Jace Amaro,TE,Texas Tech
Nate Askew,TE,Texas A&M
Tanner Balderree,TE,Brigham Young
Brandon Barnes,TE,Alabama State
Dillon Beard,TE,Southern
EJ Bibbs,TE,Iowa State
Romello Brooker,TE,Houston
Kyle Carter,TE,Penn State
Orson Charles,TE,Georgia
Gerald Christian,TE,Louisville
Darion Clark,TE,Southern California
Cam Clear,TE,Texas A&M
Zach Conque,TE,Stephen F. Austin
Micky Crum III,TE,Louisville
Connor Davis,TE,Stony Brook
Fred Davis,TE,Southern California
Anthony Denham,TE,Utah
Elkanah Dillon,TE,South Florida
Jonathan Dorsey,TE,Alabama A&M
Aaron Evans,TE,Central Florida
DeAndre Goolsby,TE,Florida
Connor Hamlett,TE,Oregon State
Clay Harbor,TE,Missouri State
Jackson Harris,TE,Georgia
Derrick Hayward,TE,Maryland
Garrett Hudson,TE,Richmond
Cole Hunt,TE,Texas Christian
Colin Jeter,TE,Louisiana State
Ben Johnson,TE,Kansas
Jalyn Judkins,TE,Angelo State
Carter Kirk,TE,Southwest Minnesota State
Khari Lee,TE,Bowie State
C'yontai Lewis,TE,Florida
Jake McGee,TE,Florida
Pharoah McKever,TE,Florida International
Cordon Moog,TE,Baylor
Scott Orndoff,TE,Pittsburgh
Donald Parham,TE,Stenson
Tyler Petite,TE,Southern California
Jake Powell,TE,Monmouth
Sean Price,TE,South Florida
Stehly Reden,TE,Texas A&M-Kingsville
Darryl Richardson,TE,San Diego State
Ellis Richardson,TE,Georgia State
Kalias Robertson,TE,Alabama A&M
Adrien Robinson,TE,Cincinnati
Jevoni Robinson,TE,Berry
Evan Rodriguez,TE,Temple
Jay Rome,TE,Georgia
Weslye Saunders,TE,South Carolina
Wes Saxton,TE,South Alabama
Cameron Serigne,TE,Wake Forest
Ryan Smith,TE,Miami (OH)
Johnny Stanton,TE,Nevada-Las Vegas
Moral Stephens Jr,TE,Florida
Jake Sutherland,TE,Morehead State
Kent Taylor,TE,Texas-El Paso
Brett Thompson,TE,Tennessee-Martin
Colin Thompson,TE,Temple
Keith Towbridge,TE,Louisville
Nick Truesdell,TE,Grand Rapids JC
Dimitrios Tsesmetzis,TE,Western Connecticut State
Eric Wallace,TE,Seattle
Matt Weiser,TE,Buffalo
Nic Weishar,TE,Notre Dame
Cole Wick,TE,Incarnate Word
Clayton Wilson,TE,Northwest Missouri State
Marcus Applefield,OT,Virginia
Fisayo Awolaja,OT,Northern Colorado
Isaiah Battle,OT,Clemson
Willie Beavers,OT,Western Michigan
Adrian Bellard,OT,Texas State
Jonte Berry,OT,Northwest Missouri State
Adam Bisnowaty,OT,Pittsburgh
Lanard Bonner,OT,Arkansas State
Cole Boozer,OT,Temple
Kevin Bowen,OT,East Central (OK)
Michael Bowie,OT,Oklahoma State
Darrell Brown,OT,Louisiana Tech
Sean Brown,OT,Mississippi Valley State
Kendall Calhoun,OT,Cincinnati
Nick Callender,OT,Colorado State
Blake Camper,OT,South Carolina
Daniel Cooney,OT,San Diego
Will Corbin,OT,Appalachian State
Gerhard de Beer,OT,Arizona
Thomas Doles,OT,Northwestern
Michael Dunn,OT,Maryland
Quinterrius Eatmon,OT,South Florida
Cornelius Edison,OT,Portland State
Justin Evans,OT,South Carolina State
Tayo Fabuluje,OT,Texas Christian
Brian Fineanganofo,OT,Idaho State
Cole Gardner,OT,Eastern Michigan
Avery Gennesy,OT,Texas A&M
Joe Gore,OT,Clemson
Christian Harris,OT,Duke
Randall Harris,OT,Towson
Brandon Haskin,OT,Tennessee State
Donald Hawkins,OT,Texas
Jonathan Haynes,OT,Stony Brook
Taylor Hearn,OT,Clemson
Jeremy Hickey,OT,Eastern Michigan
Brandon Hodges,OT,Texas
Martez Ivey,OT,Florida
Dominick Jackson,OT,Alabama
Darius James,OT,Auburn
Leon Johnson,OT,Temple
Jarron Jones,OT,Notre Dame
Avery Jordan,OT,New Mexico
Matt Kauffman,OT,Towson
John Kling,OT,Buffalo
Cyrus Kouandjio,OT,Alabama
Gerard Kough,OT,Colorado
Voghens Larrieux,OT,Coastal Carolina
Patrick Lawrence,OT,Baylor
Javarius Leamon,OT,South Carolina State
Miguel Machado,OT,Michigan State
Lene Maiava,OT,Arizona
Kamalie Matthews,OT,Murray State
Eric Mayes,OT,South Florida
Riley Mayfield,OT,North Texas
Matt McCants,OT,Alabama-Birmingham
Craig McCorkle,OT,California (PA)
Ty McCulley,OT,Colorado State-Pueblo
Andrew McDonald,OT,Indiana
Jamar McGloster,OT,Syracuse
Aaron Monteiro,OT,Boston College
Anthony Morris,OT,Tennessee State
Christian Morris,OT,Mississippi
Trae Moxley,OT,Colorado State
Kyle Murphy,OT,Stanford
Pace Murphy,OT,Northwestern State
Storm Norton,OT,Toledo
Kevin Palmer,OT,Baylor
Kent Perkins,OT,Texas
Terry Poole,OT,San Diego State
Ryan Pope,OT,San Diego State
Damian Prince,OT,Maryland
Bruno Reagan,OT,Vanderbilt
Messiah Rice,OT,Hampton
Jaelin Robinson,OT,Temple
Naty Rodgers,OT,Houston
Tyler Roemer,OT,San Diego State
Jordan Rose,OT,Idaho
TJ Roundtree,OT,Colorado State
Jimmie Sims,OT,Western Kentucky
Nate Theaker,OT,Wayne State
Josiah Tonu,OT,Oregon Tech
Casey Tucker,OT,Arizona State
Logan Tuley-Tillman,OT,Michigan
Dwayne Wallace,OT,Kansas
Toby Weathersby,OT,Louisiana State
De'Ondre Wesley,OT,Brigham Young
Rathvon Williams,OT,Louisiana College
Chasz Wright,OT,Penn State
Tony Adams,OG,North Carolina State
Jordan Agasiva,OG,Utah
Dejon Allen,OG,Hawaii
Josh Allen,OG,Louisiana Monroe
Kareem Are,OG,Florida State
Kirk Barron,OG,Purdue
Abdul Beecham,OG,Kansas State
Mitchell Bell,OG,Louisiana Tech
Wilson Bell,OG,Florida State
Daronte Bouldin,OG,Mississippi
Venzell Boulware,OG,Tennessee
Toree Boyd,OG,Howard
Grant Branch,OG,Eastern Illinois
Chris Brown,OG,Southern California
Leon Brown,OG,Alabama
Juwann Bushell-Beatty,OG,Michigan
William Campbell,OG,Michigan
Jake Campos,OG,Iowa State
Shakir Carr,OG,Central Michigan
Kyle Chung,OG,Virginia Tech
Rishard Cook,OG,Alabama-Birmingham
Anthony Coyle,OG,Fordham
Christian Cronk,OG,Fresno State
Ryan Cummings,OG,Wyoming
Mason Denley,OG,Houston
Jessamen Dunker,OG,Tennessee State
Andrew Erbes,OG,Nevada-Las Vegas
Isame Faciane,OG,Florida International
Brandon Fanaika,OG,Stanford
Chase Farris,OG,Ohio State
Brian Folkerts,OG,Washburn
Tim Gardner,OG,Alcorn State
Zack Golditch,OG,Colorado State
Jeremi Hall,OG,South Florida
Isaiah Hardy,OG,West Virginia
Sean Hickey,OG,Syracuse
Trevin Huff,OG,Bethune Cookman
Tre Jackson,OG,Florida State
Jocquell Johnson,OG,Mississippi State
Jahair Jones,OG,Miami (FL)
Tuni Kanuch,OG,Brigham Young
John Keenoy,OG,Western Michigan
Zac Kerin,OG,Toledo
Korren Kirven,OG,Alabama
Arie Kouandjio,OG,Alabama
Fred Lauina,OG,Oregon State
Jovann Letuli,OG,Akron
Marquis Lucas,OG,West Virginia
Lamar Mady,OG,Youngstown State
Damien Mama,OG,Southern California
Bob Marco,OG,Washburn
Lawrence Martin,OG,South Florida
Chandler Miller,OG,Tulsa
Michael Miller,OG,Washburn
Blake Muir,OG,Baylor
Robert Myers,OG,Tennessee State
Oni Omoile,OG,Iowa State
Jac'que Polite,OG,Winston Salem
Terron Prescod,OG,North Carolina State
Norman Price,OG,Southern Mississippi
Cyril Richardson,OG,Baylor
Maurquice Shakir,OG,Middle Tennessee State
Conor Sheehy,OG,Wisconsin
Ian Silberman,OG,Boston College
Nico Siragusa,OG,San Diego State
Micah St. Andrew,OG,Fresno State
Bunchy Stallings,OG,Kentucky
Maea Teuhema,OG,Southeast Louisiana
Dallas Thomas,OG,Tennessee
Andrew Tiller,OG,Syracuse
Marquez Tucker,OG,Southern Utah
Salesi Uhatafe,OG,Utah
Patrick Vahe,OG,Texas
Brandon Washington,OG,Miami (FL)
Isaiah Williams,OG,Akron
Larry Williams,OG,Oklahoma State
John Yarbrough,OG,Richmond
Avery Young,OG,Auburn
Ty Allen,OC,Tennessee State
Ryan Anderson,OC,Wake Forest
Alex Balducci,OC,Oregon
Garrett Brumfield,OC,Louisiana State
Freddie Burden,OC,Georgia Tech
Matthew Cohen,OC,Lehigh
DJ Coker,OC,Rhodes College
Parker Collins,OC,Appalachian State
Dillon Day,OC,Mississippi State
Dillon DeBoer,OC,Florida Atlantic
Alec Eberle,OC,Florida State
Tyler Gauthier,OC,Miami (FL)
Austin Golson,OC,Auburn
Steven Gurrola,OC,Arizona
Vitas Hrynkiewicz,OC,Youngstown State
Jacob Judd,OC,Western Illinois
Tejan Koroma,OC,Brigham Young
Patrick Lewis,OC,Texas A&M
Jordan McCray,OC,Central Florida
Michael Montero,OC,Florida International
James Murray,OC,Holy Cross
James O'Hagan,OC,Buffalo
Ronald Patrick,OC,South Carolina
Demetrius Rhaney,OC,Tennessee State
Matt Schmidt,OC,Furman
Jon Toth,OC,Kentucky
Walvenski Aime,DT,Florida State
Siupeli Anau,DT,Northern Arizona
Richard Ash,DT,Western Michigan
Josh Augusta,DT,Missouri
Drew Bailey,DT,Louisville
Daryle Banfield,DT,Brown
Josh Banks,DT,Wake Forest
TJ Barnes,DT,Georgia Tech
Shane Bowman,DT,Washington
Paul Boyette,DT,Texas
Latarius Brady,DT,Memphis
Walter Brady,DT,Akron
Omarius Bryant,DT,Western Kentucky
Kyle Cerge-Henderson,DT,Georgia Tech
Austin Cieslak,DT,North Dakota State
Khairi Clark,DT,Florida
Winston Craig,DT,Richmond
Malik Dorton,DT,Southern California
Bryce Douglas,DT,Northern Iowa
BJ Dubose,DT,Louisville
Josh Fatu,DT,Southern California
Will Geary,DT,Kansas State
Youhanna Ghaifan,DT,Wyoming
Tony Guerad,DT,Central Florida
Darius Hamilton,DT,Rutgers
Marcus Hardison,DT,Arizona State
Tank Harris,DT,North Dakota
Jay Hayes,DT,Notre Dame
Roderick Henderson,DT,Alabama State
Ra'Zahn Howard,DT,Purdue
Reggie Howard,DT,Toledo
Ben Huss,DT,Duquense
Nick James,DT,Mississippi State
Courtel Jenkins,DT,Miami (FL)
Alexis Johnson,DT,Tennessee
Anthony Johnson,DT,Louisiana State
Toby Johnson,DT,Georgia
Davonte Lambert,DT,Auburn
Duvonta Lampkin,DT,Oklahoma
Jeremy Liggins,DT,Mississippi
Claudell Louis,DT,Fresno State
Izaah Lunsford,DT,Bowling Green
Caushaud Lyons,DT,Tusculum
Joey Mbu,DT,Houston
Julian McKnight,DT,North Carolina A&T
Adrian Middleton,DT,Kentucky
Giorgio Newberry,DT,Florida State
Ronald Ollie,DT,Nicholls State
Leon Orr,DT,Florida
Scott Pagano,DT,Clemson
Walter Palmore,DT,Missouri
Jake Payne,DT,Shenandoah
Teko Powell,DT,Alabama-Birmingham
Elijah Qualls,DT,Washington
Micanor Regis,DT,Miami (FL)
Waylon Roberson,DT,Arkansas State
Owen Roberts,DT,San Jose State
Gelen Robinson,DT,Purdue
Robert Rose,DT,Ohio State
Bunmi Rotimi,DT,Old Dominion
Olive Sagapolu,DT,Wisconsin
Trevon Sanders,DT,Troy
Casey Sayles,DT,Ohio
Sealver Siliga,DT,Utah
Garrison Smith,DT,Georgia
Ray Smith,DT,Boston College
Kristjan Sokoli,DT,Buffalo
Kellen Soulek,DT,South Dakota State
Tracy Sprinkle,DT,Ohio State
Andrew Stelter,DT,Minnesota
Will Sutton,DT,Arizona State
Handsome Tanielu,DT,Brigham Young
Pasoni Tasini,DT,Utah
Larry Tharpe,DT,Arizona
Jordan Thompson,DT,Northwestern
Trenton Thompson,DT,Georgia
Tyrell Thompson,DT,Tarleton State
Khyri Thornton,DT,Southern Mississippi
Nick Tompkins,DT,Dartmouth
Charles Tuaau,DT,Texas A&M-Commerce
Taniela Tupou,DT,Washington
Kalani Vakameilalo,DT,Oregon State
Jordan Wade,DT,Oklahoma
Cavon Walker,DT,Maryland
Ricky Walker,DT,Virginia Tech
Channing Ward,DT,Mississippi
Nikita Whitlock,DT,Wake Forest
Andrew Williams,DT,Auburn
Roderick Young,DT,North Texas
Frank Alexander,DE,Oklahoma
Justin Alexandre,DE,Incarnate Word
Kiante' Anderson,DE,East Carolina
Andrew Ankrah,DE,James Madison
Tavaris Barnes,DE,Clemson
Justice Bishop,DE,Union (NY)
Jordan Bradford,DE,Louisiana Tech
Quinton Bradley,DE,Idaho
Johnathan Calvin,DE,Mississippi State
Jake Ceresna,DE,Cortland State
Corey Crawford,DE,Clemson
Torrey Dale,DE,Mississippi State
Ryan Davis,DE,Bethune-Cookman
Chase DeMoor,DE,Central Washington
Brian Dolce,DE,Albany
Kony Ealy,DE,Missouri
Danny Ezechukwu,DE,Purdue
Connor Flagel,DE,Central Missouri
James Folston,DE,Pittsburgh
Marcell Frazier,DE,Missouri
KeShun Freeman,DE,Georgia Tech
Christian French,DE,Oregon
Jamell Garcia-Williams,DE,Alabama-Birmingham
Nick Giorgio,DE,Springfield
Obum Gwacham,DE,Oregon State
Charles Harris,DE,Buffalo
Malik Harris,DE,Incarnate Word
Adrian Hubbard,DE,Alabama
Farrington Huguenin,DE,Kentucky
Martin Ifedi,DE,Memphis
Eric Jackson,DE,Central Arkansas
Leo Jackson,DE,Colorado
Vincent Jackson,DE,South Florida
Alex Jenkins,DE,International
Anthony Johnson,DE,Florida International
George Johnson,DE,Rutgers
Markus Jones,DE,Angelo State
Shaq Jones,DE,Alabama-Birmingham
Ulric Jones,DE,South Carolina
Corbin Kaufusi,DE,Brigham Young
Brian Khoury,DE,Carnegie Mellon
Hau'oli Kikaha,DE,Washington
Meffy Koloamatangi,DE,Hawaii
Austin Larkin,DE,Purdue
Tramond Lofton,DE,Delta State
Stansly Maponga,DE,Texas Christian
Jamal Marcus,DE,Akron
Praise Martin-Oguike,DE,Temple
Johnny Maxey,DE,Mars Hill
Willie Mays,DE,Tiffin
Durrant Miles,DE,Boise State
Sam Montgomery,DE,Louisiana State
Deiontrez Mount,DE,Louisville
Ryan Mueller,DE,Kansas State
Myles Nash,DE,Rutgers
Dame Ndiaye,DE,Portland State
Jason Neill,DE,Texas-San Antonio
Shawn Oakman,DE,Baylor
Victor Ochi,DE,Stony Brook
Sydney Omameh,DE,Grand Valley State
Jarrell Owens,DE,Oklahoma State
Tenny Palepoi,DE,Utah
Gimel President,DE,Illinois
Quincy Redmon,DE,Fairmont State
Cedric Reed,DE,Texas
Taylor Reed,DE,Southern Methodist
Michael Reynolds,DE,Kansas
Bobby Richardson,DE,Indiana
Gerald Rivers,DE,Mississippi
Dante Sawyer,DE,South Carolina
John Sheehy,DE,West Texas A&M
Jacquies Smith,DE,Missouri
Marlon Smith,DE,Texas-San Antonio
Justin Stewart,DE,Central Oklahoma
Devin Taylor,DE,South Carolina
Aaron Tiller,DE,Southern
Immanuel Turner,DE,Louisiana Tech
Prince Unaegbu,DE,Pace
Corey Vereen,DE,Tennessee
Kevin Wilkins,DE,Rutgers
Rykeem Yates,DE,Nevada-Reno
Patrick Afriyie,LB,Colgate
Donnie Alexander,LB,Louisiana State
Bryson Allen-Williams,LB,South Carolina
Josh Banderas,LB,Nebraska
Khalil Bass,LB,Portland State
Emmanuel Beal,LB,Oklahoma
Steve Beauharnais,LB,Rutgers
Eric Beisel,LB,Missouri
Brandon Bell,LB,Penn State
BJ Blunt,LB,McNeese State
Dante Booker,LB,Ohio State
Carl Bradford,LB,Arizona State
Alex Briones,LB,Central Michigan
Arthur Brown,LB,Kansas State
Asantay Brown,LB,Western Michigan
Beniquez Brown,LB,Mississippi State
Terrance Bullitt,LB,Texas Tech
Kaelin Burnett,LB,Nevada-Reno
Jonathan Celestin,LB,Minnesota
Reshard Cliett,LB,South Florida
Te'Von Coney,LB,Notre Dame
Matt Conroy,LB,Salve Regina
Nick D'Avanzo,LB,New Mexico
Deshaun Davis,LB,Auburn
Ray Ray Davison,LB,California
Nick DeLuca,LB,North Dakota State
Ruben Demosthene,LB,Southern Nazarene
Garret Dooley,LB,Wisconsin
Koa Farmer,LB,Penn State
Marquis Flowers,LB,Arizona
Khairi Fortt,LB,California
Jabril Frazier,LB,Boise State
Kris Frost,LB,Auburn
Alex Funches,LB,California
Terence Garvin,LB,West Virginia
DeMarquis Gates,LB,Mississippi
Quentin Gause,LB,Rutgers
Frank Ginda,LB,San Jose State
Khaseem Greene,LB,Rutgers
Nicholas Grigsby,LB,Pittsburgh
Jesse Hayes,LB,Wisconsin
Ben Heeney,LB,Kansas
D'Juan Hines,LB,Houston
Ro'Derrick Hoskins,LB,Florida State
Andrew Jackson,LB,Western Kentucky
Jalen Johnson,LB,Georgia Tech
Jawuan Johnson,LB,Texas Christian
Kerron Johnson,LB,Coastal Carolina
Steven Johnson,LB,Kansas
Jordan Jones,LB,Kentucky
Taiwan Jones,LB,Michigan State
Junior Joseph,LB,Connecticut
Josh Kaddu,LB,Oregon
Keith Kelsey,LB,Louisville
Christian Kuntz,LB,Duquesne
Joel Lanning,LB,Iowa State
Brandon Lee,LB,Missouri
Darnell Leslie,LB,Monmouth
Drew Lewis,LB,Colorado
Totauhelotu Lotulelei,LB,Nevada-Las Vegas
Kavika Luafatasaga,LB,Utah
Jeff Luc,LB,Cincinnati
Greer Martini,LB,Notre Dame
Jonathan Massaquoi,LB,Troy
Boomer Mays,LB,Northern Illinois
Robert McCray,LB,Indiana
Chase Middleton,LB,Georgia State
Nyles Morgan,LB,Notre Dame
Rob Myers,LB,Minnesota State-Mankato
EJ Norris,LB,Shepherd
Reggie Northrop,LB,Florida State
Terrance Parks,LB,Florida State
Gionni Paul,LB,Utah
Brandon Payer,LB,Colorado State-Pueblo
Peyton Pelluer,LB,Washington State
Eric Pinkins,LB,San Diego State
Terrance Plummer,LB,Central Florida
Kyle Queiro,LB,Northwestern
Johnny Ragin,LB,Oregon
Jon Reschke,LB,Michigan State
Edmond Robinson,LB,Newberry
Javon Rolland-Jones,LB,Arkansas State
Anthony Sarao,LB,Southern California
Tegray Scales,LB,Indiana
Ty Schwab,LB,Boston College
Michael Shaw,LB,Georgia Southern
Sterling Sheffield,LB,Maine
Ed Shockley,LB,Villanova
Yawin Smallwood,LB,Connecticut
Will Smith,LB,Texas Tech
Ike Spearman,LB,Eastern Michigan
Jeremiah Spicer,LB,No College
Silas Stewart,LB,Incarnate Word
Anthony Stubbs,LB,Prairie View A&M
A.J. Tarpley,LB,Stanford
Nick Temple,LB,Cincinnati
Jameer Thurman,LB,Indiana State
Davis Tull,LB,Chattanooga
James Vaughters,LB,Stanford
Lucas Wacha,LB,Wyoming
Ryan Watson,LB,Air Force
Tre Watson,LB,Maryland
Brandon Watts,LB,Georgia Tech
Darrell Williams,LB,Auburn
Jaboree Williams,LB,Wake Forest
Tre' Williams,LB,Auburn
Anthony Wint,LB,Florida International
Scooby Wright,LB,Arizona
Juwon Young,LB,Marshall
Tenny Adewusi,CB,Delaware
Jude Adjei-Barimah,CB,Bowling Green
Terrence Alexander,CB,Louisiana State
Elijah Battle,CB,West Virginia
Malik Boynton,CB,Austin Peay
Donatello Brown,CB,Valdosta State
Ray Buchanan Jr,CB,Northern Iowa
Trey Caldwell,CB,Louisiana Monroe
Elijah Campbell,CB,Northern Iowa
Bryce Canady,CB,Florida International
Rashard Causey,CB,Central Florida
Bryce Cheek,CB,Akron
Reggie Cole,CB,Mary Hardin Baylor
Qua Cox,CB,Jackson State
Brandin Dandridge,CB,Missouri Western
Chris Davis,CB,Auburn
Davante Davis,CB,Texas
Jhavonte Dean,CB,Miami (FL)
Treston Decoud,CB,Oregon State
Lorenzo Doss,CB,Tulane
Clifton Duck,CB,Appalachian State
Greg Ducre,CB,Washington
Jaylen Dunlap,CB,Illinois
Lashard Durr,CB,Mississippi State
Artrel Foster-Bell,CB,Temple
John Franklin III,CB,Auburn
Justin Gibbons,CB,Aurora
Doran Grant,CB,Ohio State
Ladarius Gunter,CB,Miami (FL)
Heath Harding,CB,Miami (OH)
Josh Hawkins,CB,East Carolina
Will Hines,CB,Southeast Louisiana
Tyree Holder,CB,Ball State
Tyrin Holloway,CB,Western Illinois
Demontre Hurst,CB,Oklahoma
Charles James,CB,Charleston Southern
Joshua Jenkins,CB,Army
Jeremiah Johnson,CB,Concord (WV)
Anthoula Kelly,CB,Fresno State
Brendan Langley,CB,Lamar
Desmond Lawrence,CB,North Carolina
Travis Lee,CB,Miles
Bradford Lemmons,CB,Furman
Shelton Lewis,CB,Florida Atlantic
Jay Liggins,CB,Dickinson State
Christopher Love,CB,East Carolina
Justin Martin,CB,Tennessee
Tre Mathis,CB,Toledo
Jeremiah McKinnon,CB,Florida International
Harlan Miller,CB,Southeast Louisiana
Dakari Monroe,CB,San Jose State
C.J Moore,CB,North Carolina Central
Sterling Moore,CB,Southern Methodist
KJ Morton,CB,Baylor
Darius Mouton,CB,Nevada-Las Vegas
Najee Murray,CB,Kent State
Jalen Myrick,CB,Minnesota
DeJuan Neal,CB,Shepherd
J.R. Nelson,CB,Montana
Picasso Nelson,CB,Southern Mississippi
Robert Nelson,CB,Arizona State
Deatrick Nichols,CB,South Florida
Deji Olatoye,CB,North Carolina A&T
Brian Peavy,CB,Iowa State
Aarion Penton,CB,Missouri
Jamal Peters,CB,Mississippi State
Dashaun Phillips,CB,Tarleton State
Jermaine Ponder,CB,St. Francis
Jackson Porter,CB,Massachusettes
Raysean Pringle,CB,Southern Utah
Joseph Putu,CB,Florida
Rodney Randle,CB,Lamar
Malik Reaves,CB,Villanova
Dante Redwood,CB,Mercyhurst
Trovon Reed,CB,Auburn
Denzel Rice,CB,Coastal Carolina
David Rivers,CB,Youngstown State
CJ Roberts,CB,Colorado State-Pueblo
Jermaine Robinson,CB,Toledo
Joel Ross,CB,Appalachian State
Nydair Rouse,CB,West Chester
Mohammed Seisay,CB,Nebraska
JaCorey Shepherd,CB,Kansas
David Simmons,CB,North Park
Albert Smalls,CB,Northern Illinois
C.J. Smith,CB,North Dakota State
Arrion Springs,CB,Oregon
Mike Stevens,CB,North Carolina State
Channing Stribling,CB,Michigan
Jamar Summers,CB,Connecticut
Bradley Sylve,CB,Alabama
Arnold Tarpley,CB,Vanderbilt
Roman Tatum,CB,Southern Illinois
Robert Taylor,CB,Washington State
Ranthony Texada,CB,Texas Christian
Brayleon Thorns,CB,Southeast Louisiana
Jack Tocho,CB,North Carolina State
D'Montre Wade,CB,Murray State
Zeke Walker,CB,Southeast Louisiana
Cleveland Wallace,CB,San Jose State
Malik Warner,CB,Wagner
Herb Waters,CB,Miami (FL)
Nick Watkins,CB,Houston
Ian Wells,CB,Ohio
Marquez White,CB,Florida State
Oscar White,CB,Dubuque
Ryan White,CB,Auburn
Darius Williams,CB,Colorado State-Pueblo
Jamarkese Williams,CB,Incarnate Word
Omari Williams,CB,Samford
Raekwon Williams,CB,Florida Atlantic
Steve Williams,CB,California
Khalid Wooten,CB,Nevada-Reno
Jordan Wyatt,CB,Southern Methodist
Devin Abraham,SAF,South Florida
Kendall Adams,SAF,Kansas State
Jarell Addo,SAF,Massachusettes
Dravon Askew-Henry,SAF,West Virginia
Parker Baldwin,SAF,San Diego State
Marcus Ball,SAF,Memphis
Mike Bell,SAF,Fresno State
Dashawn Benton,SAF,East Carolina
Marcelis Branch,SAF,Robert Morris
Kentrell Brice,SAF,Louisiana Tech
Cody Brown,SAF,Arkansas State
Christian Bryant,SAF,Ohio State
Tere Calloway,SAF,Alabama A&M
Deshawn Capers-Smith,SAF,Texas A&M
Michael Cirino,SAF,Adams State
Jonathan Cook,SAF,Memphis
Jerome Couplin,SAF,William & Mary
Demetrious Cox,SAF,Michigan State
Erick Dargan,SAF,Oregon
Garrett Davis,SAF,Houston
Lukas Denis,SAF,Boston College
Marsean Diggs,SAF,Alabama-Birmingham
K.J. Dillon,SAF,West Virginia
Ahmad Dixon,SAF,Baylor
Kurtis Drummond,SAF,Michigan State
SaQwan Edwards,SAF,New Mexico
Matt Elam,SAF,Florida
Trae Elston,SAF,Mississippi
Kyle Gibson,SAF,Central Florida
Randall Goforth,SAF,UCLA
Tyson Graham,SAF,South Dakota
John Green,SAF,Connecticut
Micah Hannemann,SAF,Brigham Young
Jalen Harvey,SAF,Arizona State
Zuril Hendrick,SAF,Edinboro
Will Hill,SAF,Florida
Marqueston Huff,SAF,Wyoming
Doyin Jibowu,SAF,Fort Hays State
Jah'Shawn Johnson,SAF,Texas Tech
Stephan Johnson,SAF,Texas State
Hootie Jones,SAF,Alabama
Ray Jones,SAF,Delaware
Tyree Kinnel,SAF,Michigan
Christian Love,SAF,Henderson State
Max Lyons,SAF,Southeast Louisiana
Tyrell Lyons,SAF,Valdosta State
Brandon Maiden,SAF,Jackson State
Jordan Martin,SAF,Syracuse
Ronald Martin,SAF,Louisiana State
Dexter McCoil,SAF,Toledo
Danzel McDaniel,SAF,Kansas State
Jojo McIntosh,SAF,Washington
Montrel Meander,SAF,Grambling State
Carlos Merritt,SAF,Campbell
Herb Miller,SAF,Florida Atlantic
Tray Mitchell,SAF,Eastern Illinois
Ryan Moeller,SAF,Colorado
Joshua Moon,SAF,Georgia Southern
Rahim Moore,SAF,UCLA
Jacob Onyechi,SAF,Air Force
Nick Orr,SAF,Texas Christian
Fred Payne,SAF,Western Carolina
Joe Powell,SAF,Globe Tech
Jordan Powell,SAF,Widner
Robert Priester,SAF,Wyoming
Santos Ramirez,SAF,Arkansas
Delvon Randall,SAF,Temple
Mandell Ray,SAF,Morehouse
Max Redfield,SAF,Indiana (PA)
Ed Reynolds,SAF,Stanford
Stephen Roberts,SAF,Auburn
Kenny Robinson,SAF,West Virginia
Al-Hajj Shabazz,SAF,West Chester
Tyler Sigler,SAF,Wheaton
Derron Smith,SAF,Fresno State
Van Smith,SAF,Clemson
Andrew Soroh,SAF,Florida Atlantic
Tre Sullivan,SAF,Shepherd
Wes Sutton,SAF,Northern Arizona
Damian Swann,SAF,Georgia
Aaron Taylor,SAF,Ball State
Gregory Taylor,SAF,Wesley
Robenson Therezie,SAF,Auburn
Jake Thienman,SAF,Purdue
Marvin Tillman,SAF,West Carolina
Damarius Travis,SAF,Minnesota
Jeremy Tyler,SAF,West Virginia
Verkedric Vaughns,SAF,Baylor
Jaleel Wadood,SAF,UCLA
Abraham Wallace,SAF,West Alabama
Nick Washington,SAF,Florida
Damon Webb,SAF,Ohio State
Shaquille Wiggins,SAF,Louisville
LaDarius WIley,SAF,Vanderbilt
Kieron Williams,SAF,Nebraska
Evan Worthington,SAF,Colorado
Roberto Aguayo,K,Florida State
John Baron,K,San Diego State
Tyler Basch,K,Missouri Western
Andrew Franks,K,RPI
Elliott Fry,K,South Carolina
Josh Gable,K,No College
Diego Gonzalez,K,Colorado
Cole Hedlund,K,North Texas
Redford Jones,K,Tulsa
Greg Joseph,K,Florida Atlantic
Austin MacGinnis,K,Kentucky
Nick Novak,K,Maryland
Erik Powell,K,Washington State
Ty Rausa,K,Boise State
Taylor Russolino,K,Millsaps
Ryan Santoso,K,Minnesota
Cole Tracy,K,Louisiana State
Tristan Vizcaino,K,Washington
Matthew Wright,K,Central Florida
Ryan Anderson,P,Rutgers
Ian Berryman,P,Western Carolina
Cory Carter,P,Texas Southern
Jordan Dascalo,P,Eastern Washington
Jack Fox,P,Rice
Drew Galitz,P,Baylor
Jeff Locke,P,UCLA
Brock Miller,P,Southern Utah
Tyler Newsome,P,Notre Dame
Hunter Niswander,P,Northwestern
Cameron Nizialek,P,Georgia
Austin Rehkow,P,Idaho
Colton Schmidt,P,California-Davis
Jake Schum,P,Buffalo
Sean Smith,P,Dayton
Taylor Symmank,P,Texas Tech
Shane Tripucka,P,Texas A&M
Justin Vogel,P,Miami (FL)
Brad Wing,P,Louisiana State
Joseph Zema,P,Incarnate Word
Noah Borden,LS,Hawaii
Nate Boyer,LS,Texas
Tanner Carew,LS,Oregon
Scott Daly,LS,Notre Dame
Ryan DiSalvo,LS,San Jose State
Wes Farnsworth,LS,Nevada-Reno
Drew Ferris,LS,Florida
James Fisher,LS,North Dakota State
Joe Fortunato,LS,Delaware
Austin Frey,LS,Texas A&M
Owen Gilbert,LS,Marian
AJ Hantak,LS,Eastern Illinois
Seth Hebert,LS,Central Missouri
Colin Holba,LS,Louisville
Paul Kelly,LS,Miami (FL)
Nick Moore,LS,Georgia
Ryan Navarro,LS,Oregon State
Joe Rotherham,LS,Nebraska
Colton Taylor,LS,Virginia Tech
Alonso Vera,LS,California
John Wirtel,LS,Kansas